News Source,Barack Obama,Donald Trump,Joe Biden
BBC,0.0,5.815,5.48
Politico,8.876470588235295,6.975,2.2584070796460183
