Politician,BBC,Politico
Donald Trump,5.815,6.975
Joe Biden,5.48,2.2584070796460183
Barack Obama,0.0,8.876470588235295
